Database,Indexing Time (s),Query Time (ms),Memory Usage (MB)
FAISS,0.009110450744628906,0.34531354904174805,7.32421875
Milvus,0.010932540893554688,0.44890761375427246,10.986328125
Qdrant,0.010021495819091798,0.4143762588500976,9.521484375
Weaviate,0.011843585968017578,0.4834389686584472,11.71875
Pinecone,0.010021495819091798,0.517970323562622,8.7890625
